<?xml version="1.0" encoding="UTF-8" standalone="yes"?>
<DATA_LIST>
    <DATA>
        <prgOid>PRG-20240522-145840-923448</prgOid>
        <prOid>PR-20240417-163105-576162</prOid>
        <prnOid>PRN-20240522-145840-923447</prnOid>
        <prgType>E</prgType>
        <prnCnd>G6102_21.G6102.A001.O.ACTRDATA&gt;G6102_21.G6102.A001.O.ACTRDATA&amp;&amp;G6102_21.G6102.G091.O.DATE==G6103_22.G6103.G091.O.DATE</prnCnd>
        <prnLkndoid>PRN-20240417-163332-576169</prnLkndoid>
        <prnSection>GTW</prnSection>
        <status>1</status>
        <versn>1</versn>
        <prnid>GTW_31</prnid>
        <realCnd>${A1}&gt;${B1}&amp;&amp;${A2}==${B2}</realCnd>
        <bpmnCe>${A1&gt;B1&amp;&amp;A2==B2}</bpmnCe>
        <prnPrevOid>PRN-20240521-122312-874408</prnPrevOid>
        <createUser>zyaire</createUser>
        <createTime>2024-05-22 14:58:40.113091</createTime>
        <updateUser>zyaire</updateUser>
        <updateTime>2024-05-22 14:58:40.113091</updateTime>
    </DATA>
    <DATA>
        <prgOid>PRG-20240522-145840-923456</prgOid>
        <prOid>PR-20240417-163105-576162</prOid>
        <prnOid>PRN-20240522-145840-923455</prnOid>
        <prgType>E</prgType>
        <prnCnd>G6102_21.G6102.A001.O.KINBR&gt;G61_11.G61.F777.O.OT_F777_CHNTXCD</prnCnd>
        <prnLkndoid>PRN-20240417-163335-576178</prnLkndoid>
        <prnSection>GTW</prnSection>
        <status>1</status>
        <versn>1</versn>
        <prnid>GTW_32</prnid>
        <realCnd>${A1}&gt;${B1}</realCnd>
        <bpmnCe>${A1&gt;B1}</bpmnCe>
        <prnPrevOid>PRN-20240521-122312-874408</prnPrevOid>
        <createUser>zyaire</createUser>
        <createTime>2024-05-22 14:58:40.230834</createTime>
        <updateUser>zyaire</updateUser>
        <updateTime>2024-05-22 14:58:40.230834</updateTime>
    </DATA>
</DATA_LIST>
